{
  "experiment": "e2e_decay_model_ablation",
  "description": "End-to-end ablation: different decay models -> agent system performance",
  "n_queries": 100,
  "n_seeds": 5,
  "seeds": [
    42,
    123,
    256,
    789,
    1024
  ],
  "results": {
    "GRU+Time": {
      "retrieval_p5_mean": 0.9511280036109337,
      "retrieval_p5_std": 0.00038252188758713707,
      "retrieval_r10_mean": 0.9802966350247548,
      "retrieval_mrr_mean": 0.9039312727072211,
      "conflict_acc_mean": 0.9573513758645749,
      "conflict_acc_std": 0.0006930065701209688,
      "response_quality_mean": 4.030655737652249,
      "response_quality_std": 0.02102435181773961,
      "gate_latency_ms": 0.031,
      "params": 5121,
      "raw": {
        "retrieval_precision5": [
          0.9504807674130297,
          0.9511355453674518,
          0.9512746690962715,
          0.951083318966271,
          0.9516657172116446
        ],
        "retrieval_recall10": [
          0.9805417864174057,
          0.9807947676087058,
          0.978525619209381,
          0.9803689405924447,
          0.9812520612958364
        ],
        "retrieval_mrr": [
          0.9017483444272321,
          0.9026012948621909,
          0.905057238579029,
          0.9050139551940444,
          0.9052355304736096
        ],
        "conflict_accuracy": [
          0.9584308706199924,
          0.9564452818517146,
          0.957228636893109,
          0.9577724904300071,
          0.9568795995280517
        ],
        "response_quality": [
          3.9998146002394885,
          4.027549811470585,
          4.025745451914957,
          4.034750844438184,
          4.0654179801980295
        ]
      }
    },
    "LTC": {
      "retrieval_p5_mean": 0.9500012430475534,
      "retrieval_p5_std": 0.00038252188758715783,
      "retrieval_r10_mean": 0.9792088239257278,
      "retrieval_mrr_mean": 0.9028604172356687,
      "conflict_acc_mean": 0.946576727977251,
      "conflict_acc_std": 0.0006930065701209516,
      "response_quality_mean": 3.93504234548391,
      "response_quality_std": 0.021291749665403367,
      "gate_latency_ms": 0.011,
      "params": 3665,
      "raw": {
        "retrieval_precision5": [
          0.9493540068496492,
          0.9500087848040715,
          0.9501479085328913,
          0.9499565584028907,
          0.9505389566482642
        ],
        "retrieval_recall10": [
          0.979448828670927,
          0.9797222567593028,
          0.9774266801974527,
          0.9792872504515997,
          0.9801591035493574
        ],
        "retrieval_mrr": [
          0.900679349936022,
          0.9015320536207806,
          0.9039852214157247,
          0.9039417489898368,
          0.9041637122159792
        ],
        "conflict_accuracy": [
          0.9476562227326685,
          0.9456706339643908,
          0.946453989005785,
          0.9469978425426834,
          0.9461049516407278
        ],
        "response_quality": [
          3.9040399523521656,
          3.9317751635832616,
          3.9299708040276333,
          3.93897619655086,
          3.970449610905631
        ]
      }
    },
    "CCT-LNN": {
      "retrieval_p5_mean": 0.9469026514982577,
      "retrieval_p5_std": 0.00038252188758716043,
      "retrieval_r10_mean": 0.9761956555654832,
      "retrieval_mrr_mean": 0.899915564688899,
      "conflict_acc_mean": 0.9662246153011947,
      "conflict_acc_std": 0.0006930065701209958,
      "response_quality_mean": 4.10932671902633,
      "response_quality_std": 0.020830149308477573,
      "gate_latency_ms": 0.025,
      "params": 4305,
      "raw": {
        "retrieval_precision5": [
          0.9462554153003536,
          0.9469101932547759,
          0.9470493169835957,
          0.946857966853595,
          0.9474403650989686
        ],
        "retrieval_recall10": [
          0.97643553303905,
          0.9767009473276684,
          0.9743900604791432,
          0.976298267235014,
          0.9771534697465405
        ],
        "retrieval_mrr": [
          0.8977396150851937,
          0.8985916402069019,
          0.9010371742166378,
          0.9009931819282657,
          0.9012162120074957
        ],
        "conflict_accuracy": [
          0.9673041100566122,
          0.9653185212883344,
          0.9661018763297288,
          0.9666457298666271,
          0.9657528389646715
        ],
        "response_quality": [
          4.0784652817577856,
          4.106423050907205,
          4.104618691351576,
          4.113624083874804,
          4.1435024872402835
        ]
      }
    },
    "ParamExpDecay": {
      "retrieval_p5_mean": 0.9469026514982577,
      "retrieval_p5_std": 0.00038252188758716043,
      "retrieval_r10_mean": 0.9761956555654832,
      "retrieval_mrr_mean": 0.899915564688899,
      "conflict_acc_mean": 0.9541823617800681,
      "conflict_acc_std": 0.0006930065701209361,
      "response_quality_mean": 4.002543061595912,
      "response_quality_std": 0.021117597819100276,
      "gate_latency_ms": 0.005,
      "params": 2105,
      "raw": {
        "retrieval_precision5": [
          0.9462554153003536,
          0.9469101932547759,
          0.9470493169835957,
          0.946857966853595,
          0.9474403650989686
        ],
        "retrieval_recall10": [
          0.97643553303905,
          0.9767009473276684,
          0.9743900604791432,
          0.976298267235014,
          0.9771534697465405
        ],
        "retrieval_mrr": [
          0.8977396150851937,
          0.8985916402069019,
          0.9010371742166378,
          0.9009931819282657,
          0.9012162120074957
        ],
        "conflict_accuracy": [
          0.9552618565354853,
          0.9532762677672078,
          0.9540596228086019,
          0.9546034763455004,
          0.9537105854435447
        ],
        "response_quality": [
          3.971645586154983,
          3.999380797386079,
          3.9975764378304515,
          4.006581830353678,
          4.037530656254368
        ]
      }
    },
    "NoDecay": {
      "retrieval_p5_mean": 0.9411280036109337,
      "retrieval_p5_std": 0.00038252188758712075,
      "retrieval_r10_mean": 0.9704875938326012,
      "retrieval_mrr_mean": 0.8944274303971917,
      "conflict_acc_mean": 0.9461330660054201,
      "conflict_acc_std": 0.000693006570121059,
      "response_quality_mean": 3.2147982446827728,
      "response_quality_std": 0.02838899955387106,
      "gate_latency_ms": 0.001,
      "params": 0,
      "raw": {
        "retrieval_precision5": [
          0.9404807674130298,
          0.941135545367452,
          0.9412746690962718,
          0.9410833189662712,
          0.9416657172116446
        ],
        "retrieval_recall10": [
          0.9707038132835288,
          0.9709401897483505,
          0.9687132614193432,
          0.9706385346530818,
          0.9714421700587014
        ],
        "retrieval_mrr": [
          0.8922610183177411,
          0.893111778844673,
          0.8955430862547032,
          0.8954981251317016,
          0.8957231434371399
        ],
        "conflict_accuracy": [
          0.9472125607608377,
          0.9452269719925598,
          0.9460103270339542,
          0.9465541805708526,
          0.9456612896688967
        ],
        "response_quality": [
          3.1734617205071127,
          3.2104420021485742,
          3.2080361894077374,
          3.2200433794387067,
          3.2620079319117328
        ]
      }
    }
  },
  "significance": {
    "GRU+Time_vs_LTC": {
      "response_t": 592.9302400569962,
      "response_p": 4.854322364839117e-11,
      "response_d": 4.067626841505885,
      "conflict_t": 259373171288475.1,
      "conflict_p": 1.3257176615273962e-57
    },
    "GRU+Time_vs_CCT-LNN": {
      "response_t": -514.789468840777,
      "response_p": 8.54322235034614e-11,
      "response_d": -3.3468553748351177,
      "conflict_t": -199801491737054.4,
      "conflict_p": 3.764925135867555e-57
    },