{
  "dataset": "LPT",
  "e1e2_baselines": {
    "cct_lnn": {
      "mse_mean": 0.25389194609170046,
      "mse_std": 0.004190390445572248,
      "acc_mean": 0.675,
      "f1_mean": 0.8059701492537313,
      "f1_std": 0.0,
      "n_params": 4257
    },
    "ltc": {
      "mse_mean": 0.2536180838951388,
      "mse_std": 0.00548601508803763,
      "acc_mean": 0.675,
      "f1_mean": 0.8059701492537313,
      "f1_std": 0.0,
      "n_params": 3665
    },
    "gru": {
      "mse_mean": 0.23384134427709347,
      "mse_std": 0.01243038543852111,
      "acc_mean": 0.675,
      "f1_mean": 0.8059701492537313,
      "f1_std": 0.0,
      "n_params": 4993
    },
    "gru_time": {
      "mse_mean": 0.2299937938496418,
      "mse_std": 0.005254627820669766,
      "acc_mean": 0.675,
      "f1_mean": 0.8059701492537313,
      "f1_std": 0.0,
      "n_params": 5121
    },
    "neural_ode": {
      "mse_mean": 0.278717158705024,
      "mse_std": 0.006864666863546781,
      "acc_mean": 0.6708333333333334,
      "f1_mean": 0.799892291121711,
      "f1_std": 0.006077858132020331,
      "n_params": 3170
    },
    "cfc": {
      "mse_mean": 0.2520757898309678,
      "mse_std": 0.0060159201258673245,
      "acc_mean": 0.675,
      "f1_mean": 0.8059701492537313,
      "f1_std": 0.0,
      "n_params": 3665
    },
    "param_expdecay": {
      "mse_mean": 0.253985955165339,
      "mse_std": 0.013054831866844016,
      "acc_mean": 0.675,
      "f1_mean": 0.8059701492537313,
      "f1_std": 0.0,
      "n_params": 2102
    },
    "transformer": {
      "mse_mean": 0.2675650816110592,
      "mse_std": 0.008611161166144216,
      "acc_mean": 0.675,
      "f1_mean": 0.8059701492537313,
      "f1_std": 0.0,
      "n_params": 4321
    }
  },
  "e3_ablation": {
    "A1_fixed_tau": {
      "mse_mean": 0.2447439194444389,
      "mse_std": 0.011126646402447635,
      "f1_mean": 0.8059701492537313
    },
    "A2_input_dep_tau": {
      "mse_mean": 0.2536180838951388,
      "mse_std": 0.00548601508803763,
      "f1_mean": 0.8059701492537313
    },
    "A3_cct_full": {
      "mse_mean": 0.25389194609170046,
      "mse_std": 0.004190390445572248,
      "f1_mean": 0.8059701492537313
    }
  },
  "e4_tau": {
    "n_cats": 5,
    "pearson_r": -0.28779072500775005,
    "pearson_p": 0.6386963667764052,
    "spearman_r": -0.09999999999999999,
    "spearman_p": 0.8728885715695383,
    "r_ci95": [
      -0.9331316098576132,
      0.7967954534014671
    ],
    "tost_pass": false,
    "tau_stats": {
      "0": {
        "mean": 6.628768087164756,
        "std": 0.5157004600626794,
        "n": 163
      },
      "1": {
        "mean": 8.422431802749633,
        "std": 0.44596123135410903,
        "n": 150
      },
      "2": {
        "mean": 8.910629549447227,
        "std": 0.4264439361115621,
        "n": 136
      },
      "3": {
        "mean": 7.696320283151891,
        "std": 0.5779641998653,
        "n": 137
      },
      "4": {
        "mean": 8.048532186484918,
        "std": 0.5967236709219667,
        "n": 164
      }
    }
  },
  "e7_temporal": {
    "regular": {
      "ltc": {
        "mse_mean": 0.22316115988065316,
        "f1_mean": 0.8439209789917722
      },
      "cct_lnn": {
        "mse_mean": 0.21903944222260324,
        "f1_mean": 0.8472622478386168
      },
      "gru": {
        "mse_mean": 0.214199518104995,
        "f1_mean": 0.8472622478386168
      },
      "gru_time": {
        "mse_mean": 0.21164137655610843,
        "f1_mean": 0.8468195297164098
      }
    }
  },
  "n_cats": 5,
  "config": {
    "HD": 16,
    "SEEDS": [
      42,
      123
    ],
    "EPOCHS": 8
  }
}