{
  "cct_lnn": {
    "ndcg5": 0.4925069719077871,
    "ndcg5_std": 0.027671352827294604,
    "mrr": 0.34373015873015866,
    "mrr_std": 0.03393555963182251,
    "kendall_tau": 0.003134890645763746,
    "kendall_tau_std": 0.03071944740114014
  },
  "ltc": {
    "ndcg5": 0.45787616635675166,
    "ndcg5_std": 0.03483295376484819,
    "mrr": 0.29451719576719576,
    "mrr_std": 0.024547696952829833,
    "kendall_tau": -0.06099053735609963,
    "kendall_tau_std": 0.04978767147425811
  },
  "gru": {
    "ndcg5": 0.5118773905063647,
    "ndcg5_std": 0.016137625966089777,
    "mrr": 0.3347089947089947,
    "mrr_std": 0.0061410217078470206,
    "kendall_tau": 0.02152351095898694,
    "kendall_tau_std": 0.0071819422129882965
  },
  "gru_time": {
    "ndcg5": 0.5202976195215062,
    "ndcg5_std": 0.018560495209035244,
    "mrr": 0.36656084656084653,
    "mrr_std": 0.0477002981136728,
    "kendall_tau": 0.026838340045206327,
    "kendall_tau_std": 0.027183297290116606
  },
  "neural_ode": {
    "ndcg5": 0.46660728238185273,
    "ndcg5_std": 0.009803040664858332,
    "mrr": 0.2935515873015873,
    "mrr_std": 0.0063831763214946,
    "kendall_tau": -0.04423137933584173,
    "kendall_tau_std": 0.012154791649071593
  },
  "cfc": {
    "ndcg5": 0.4621358465123196,
    "ndcg5_std": 0.004458548370168527,
    "mrr": 0.28939814814814807,
    "mrr_std": 0.015247275375345003,
    "kendall_tau": -0.047870403744985336,
    "kendall_tau_std": 0.03340393189673675
  },
  "param_expdecay": {
    "ndcg5": 0.5000548408844022,
    "ndcg5_std": 0.013842403363660362,
    "mrr": 0.34362433862433867,
    "mrr_std": 0.010644396953371216,
    "kendall_tau": -0.03268341543713118,
    "kendall_tau_std": 0.026386158022060426
  },
  "transformer": {
    "ndcg5": 0.4669621184684054,
    "ndcg5_std": 0.014994325089461287,
    "mrr": 0.3157407407407407,
    "mrr_std": 0.018816403741805748,
    "kendall_tau": -0.023896489439614296,
    "kendall_tau_std": 0.03801302487963172
  }
}