{
  "bursty": {
    "gru_time": {
      "mse_mean": 0.08664715116297433,
      "mse_std": 0.0009400344268590932,
      "f1_mean": 0.9528795811518325,
      "ece_mean": 0.05962443494796752,
      "n_params": 5121
    },
    "ltc": {
      "mse_mean": 0.09133983863676112,
      "mse_std": 0.0004895421182154617,
      "f1_mean": 0.9528795811518325,
      "ece_mean": 0.08722210204601287,
      "n_params": 3665
    },
    "cct_lnn": {
      "mse_mean": 0.09408780507778643,
      "mse_std": 0.005837308427981346,
      "f1_mean": 0.950339507530761,
      "ece_mean": 0.08011275941133499,
      "n_params": 4305
    },
    "gru": {
      "mse_mean": 0.08663505829454272,
      "mse_std": 0.0011396890332439217,
      "f1_mean": 0.9528795811518325,
      "ece_mean": 0.059063195228576636,
      "n_params": 4993
    },
    "neural_ode": {
      "mse_mean": 0.0895266521844798,
      "mse_std": 0.0024408271486365584,
      "f1_mean": 0.9528795811518325,
      "ece_mean": 0.07495870172977445,
      "n_params": 3170
    },
    "transformer": {
      "mse_mean": 0.08738385737111462,
      "mse_std": 0.0007456822955355934,
      "f1_mean": 0.9528795811518325,
      "ece_mean": 0.06666090989112852,
      "n_params": 4321
    }
  },
  "five_seed": {
    "PersonaChat": {
      "cct_lnn": {
        "mse_mean": 0.1176957909142932,
        "mse_std": 0.011446102977197437,
        "mse_ci95": [
          0.10766283929517853,
          0.12772874253340788
        ],
        "f1_mean": 0.9324585839826666,
        "ece_mean": 0.151716168820858,
        "n_params": 4305
      },
      "ltc": {
        "mse_mean": 0.10263479517435962,
        "mse_std": 0.022498378286589907,
        "mse_ci95": [
          0.08291409710729007,
          0.12235549324142918
        ],
        "f1_mean": 0.9355314691380265,
        "ece_mean": 0.10626087262108921,
        "n_params": 3665
      },
      "gru": {
        "mse_mean": 0.07714228771647384,
        "mse_std": 0.0006205584323561529,
        "mse_ci95": [
          0.0765983442676803,
          0.07768623116526739
        ],
        "f1_mean": 0.9583333333333334,
        "ece_mean": 0.05251149094104761,
        "n_params": 4993
      },
      "gru_time": {
        "mse_mean": 0.07702139918914379,
        "mse_std": 0.000501570889671786,
        "mse_ci95": [
          0.07658175292004606,
          0.07746104545824152
        ],
        "f1_mean": 0.9583333333333334,
        "ece_mean": 0.05187041950225828,
        "n_params": 5121
      },
      "neural_ode": {
        "mse_mean": 0.07939915602324946,
        "mse_std": 0.002121637376821834,
        "mse_ci95": [
          0.0775394588671637,
          0.08125885317933522
        ],
        "f1_mean": 0.9571428571428571,
        "ece_mean": 0.07328893691301346,
        "n_params": 3170
      },
      "cfc": {
        "mse_mean": 0.07920178499382345,
        "mse_std": 0.0010905861829759657,
        "mse_ci95": [
          0.07824584405636459,
          0.08015772593128231
        ],
        "f1_mean": 0.9583333333333334,
        "ece_mean": 0.07073717832565304,
        "n_params": 3665
      },
      "param_expdecay": {
        "mse_mean": 0.07975053911599954,
        "mse_std": 0.0003301630215308024,
        "mse_ci95": [
          0.0794611384677581,
          0.08003993976424098
        ],
        "f1_mean": 0.9583333333333334,
        "ece_mean": 0.07787177360057826,
        "n_params": 2105
      },
      "transformer": {
        "mse_mean": 0.0780455460776097,
        "mse_std": 0.0006813973529857915,
        "mse_ci95": [
          0.07744827496363156,
          0.07864281719158785
        ],
        "f1_mean": 0.9583333333333334,
        "ece_mean": 0.06384511363506311,
        "n_params": 4321
      }
    },
    "LPT": {
      "cct_lnn": {
        "mse_mean": 0.2107551248517922,
        "mse_std": 0.0031398153832620243,
        "mse_ci95": [
          0.20800295532335303,
          0.2135072943802314
        ],
        "f1_mean": 0.8349514563106796,
        "ece_mean": 0.07596282571554187,
        "n_params": 4257
      },
      "ltc": {
        "mse_mean": 0.2283394810185179,
        "mse_std": 0.01041046861079687,
        "mse_ci95": [
          0.219214302945901,
          0.2374646590911348
        ],
        "f1_mean": 0.8287651851490463,
        "ece_mean": 0.1450780071814855,
        "n_params": 3665
      },
      "gru": {
        "mse_mean": 0.21465261200419886,
        "mse_std": 0.002719790532601987,
        "mse_ci95": [
          0.21226861049013918,
          0.21703661351825854
        ],
        "f1_mean": 0.8349514563106796,
        "ece_mean": 0.10600191523631415,
        "n_params": 4993
      },
      "gru_time": {
        "mse_mean": 0.21449638812376678,
        "mse_std": 0.003976599242528183,
        "mse_ci95": [
          0.21101074520334445,
          0.21798203104418912
        ],
        "f1_mean": 0.833814823585129,
        "ece_mean": 0.09869608814517658,
        "n_params": 5121
      },
      "neural_ode": {
        "mse_mean": 0.24959731374499933,
        "mse_std": 0.01472010473265082,
        "mse_ci95": [
          0.23669457305629488,
          0.2625000544337038
        ],
        "f1_mean": 0.8326670474014849,
        "ece_mean": 0.2177695825695991,
        "n_params": 3170
      },
      "cfc": {
        "mse_mean": 0.22775468910614155,
        "mse_std": 0.010231278739130874,
        "mse_ci95": [
          0.21878657788122313,
          0.23672280033105997
        ],
        "f1_mean": 0.8287651851490463,
        "ece_mean": 0.14730341960986454,
        "n_params": 3665
      },
      "param_expdecay": {
        "mse_mean": 0.2305466250881804,
        "mse_std": 0.015321911164146997,
        "mse_ci95": [
          0.21711637780414814,
          0.2439768723722127
        ],
        "f1_mean": 0.8349514563106796,
        "ece_mean": 0.14740797340869904,
        "n_params": 2102
      },
      "transformer": {
        "mse_mean": 0.22998144974116624,
        "mse_std": 0.015258963790856022,
        "mse_ci95": [
          0.21660637826256196,
          0.24335652121977053
        ],
        "f1_mean": 0.8326670474014849,
        "ece_mean": 0.15372461314002672,
        "n_params": 4321
      }
    },
    "Bursty": {
      "cct_lnn": {
        "mse_mean": 0.09408780507778643,
        "mse_std": 0.005837308427981346,
        "mse_ci95": [
          0.08897117864515172,
          0.09920443151042113
        ],
        "f1_mean": 0.950339507530761,
        "ece_mean": 0.08011275941133499,
        "n_params": 4305
      },
      "ltc": {
        "mse_mean": 0.09133983863676112,
        "mse_std": 0.0004895421182154617,
        "mse_ci95": [
          0.09091073605072295,
          0.0917689412227993
        ],
        "f1_mean": 0.9528795811518325,
        "ece_mean": 0.08722210204601287,
        "n_params": 3665
      },
      "gru": {
        "mse_mean": 0.08663505829454272,
        "mse_std": 0.0011396890332439217,
        "mse_ci95": [
          0.08563607681113732,
          0.08763403977794813
        ],
        "f1_mean": 0.9528795811518325,
        "ece_mean": 0.059063195228576636,
        "n_params": 4993
      },
      "gru_time": {
        "mse_mean": 0.08664715116297433,
        "mse_std": 0.0009400344268590932,
        "mse_ci95": [
          0.08582317465815271,
          0.08747112766779595
        ],
        "f1_mean": 0.9528795811518325,
        "ece_mean": 0.05962443494796752,
        "n_params": 5121
      },
      "neural_ode": {
        "mse_mean": 0.0895266521844798,
        "mse_std": 0.0024408271486365584,
        "mse_ci95": [
          0.0873871728576139,
          0.09166613151134571
        ],
        "f1_mean": 0.9528795811518325,
        "ece_mean": 0.07495870172977445,
        "n_params": 3170
      },
      "cfc": {
        "mse_mean": 0.09121443778787164,
        "mse_std": 0.000581130591787776,
        "mse_ci95": [
          0.09070505436511112,
          0.09172382121063216
        ],