{
  "pc_baselines": {
    "cct_lnn": {
      "mse_mean": 0.1197096193913446,
      "mse_std": 0.011781188997223902,
      "f1_mean": 0.9285441927857851,
      "ece_mean": 0.14760764052470526,
      "n_params": 4305
    },
    "ltc": {
      "mse_mean": 0.09241071268826324,
      "mse_std": 0.018861610179196908,
      "f1_mean": 0.9412568306010929,
      "ece_mean": 0.09309195121129353,
      "n_params": 3665
    },
    "gru": {
      "mse_mean": 0.07694615403275729,
      "mse_std": 0.0007363781062325574,
      "f1_mean": 0.9583333333333334,
      "ece_mean": 0.05127064744631445,
      "n_params": 4993
    },
    "gru_time": {
      "mse_mean": 0.0769475668805175,
      "mse_std": 0.0005944254552073804,
      "f1_mean": 0.9583333333333334,
      "ece_mean": 0.050585535963376366,
      "n_params": 5121
    },
    "neural_ode": {
      "mse_mean": 0.07956591221264052,
      "mse_std": 0.002726054198688277,
      "f1_mean": 0.9563492063492064,
      "ece_mean": 0.07523943136135738,
      "n_params": 3170
    },
    "cfc": {
      "mse_mean": 0.07853776268629666,
      "mse_std": 0.0005773849206256645,
      "f1_mean": 0.9583333333333334,
      "ece_mean": 0.0687645884354909,
      "n_params": 3665
    },
    "param_expdecay": {
      "mse_mean": 0.07963488738687631,
      "mse_std": 0.0003849641225355429,
      "f1_mean": 0.9583333333333334,
      "ece_mean": 0.07744608978430427,
      "n_params": 2105
    },
    "transformer": {
      "mse_mean": 0.077894081289823,
      "mse_std": 0.0008303730537324247,
      "f1_mean": 0.9583333333333334,
      "ece_mean": 0.06262700517972304,
      "n_params": 4321
    }
  },
  "lpt_baselines": {
    "cct_lnn": {
      "mse_mean": 0.21143205198216822,
      "mse_std": 0.003828170176162904,
      "f1_mean": 0.8349514563106796,
      "ece_mean": 0.07864579310019813,
      "n_params": 4257
    },
    "ltc": {
      "mse_mean": 0.22155871299231175,
      "mse_std": 0.007992447207587135,
      "f1_mean": 0.824641004374624,
      "ece_mean": 0.11940673722161187,
      "n_params": 3665
    },
    "gru": {
      "mse_mean": 0.21273884840363924,
      "mse_std": 0.000390430432732171,
      "f1_mean": 0.8349514563106796,
      "ece_mean": 0.09556550052430894,
      "n_params": 4993
    },
    "gru_time": {
      "mse_mean": 0.21213327473717458,
      "mse_std": 0.001348344594982901,
      "f1_mean": 0.833057068434762,
      "ece_mean": 0.09442861982517774,
      "n_params": 5121
    },
    "neural_ode": {
      "mse_mean": 0.24453194549952942,
      "mse_std": 0.01694461836589104,
      "f1_mean": 0.8349514563106796,
      "ece_mean": 0.20301949232816693,
      "n_params": 3170
    },
    "cfc": {
      "mse_mean": 0.22097559228702743,
      "mse_std": 0.007596806049277623,
      "f1_mean": 0.824641004374624,
      "ece_mean": 0.12409230834907954,
      "n_params": 3665
    },
    "param_expdecay": {
      "mse_mean": 0.21864855160535343,
      "mse_std": 0.005461867288627472,
      "f1_mean": 0.8349514563106796,
      "ece_mean": 0.10924695581197741,
      "n_params": 2102
    },
    "transformer": {
      "mse_mean": 0.22043129855927612,
      "mse_std": 0.012281226797610649,
      "f1_mean": 0.8349514563106796,
      "ece_mean": 0.11777699689070385,
      "n_params": 4321
    }
  },
  "significance": {
    "gru_time_vs_ltc": {
      "diff": -0.015463145807745743,
      "t": -1.1911120724796331,
      "p": 0.3558024280339178,
      "cohen_d": -1.1588267722644918,
      "significant": false
    },
    "gru_time_vs_cct_lnn": {
      "diff": -0.0427620525108271,
      "t": -5.33451308872292,
      "p": 0.033390608791430736,
      "cohen_d": -5.126634030642371,
      "significant": true
    },
    "gru_time_vs_gru": {
      "diff": 1.412847760215441e-06,
      "t": 0.013936900952227013,
      "p": 0.9901456013390582,
      "cohen_d": 0.002111323083087544,
      "significant": false
    },
    "gru_time_vs_neural_ode": {
      "diff": -0.0026183453321230177,
      "t": -1.677361964222438,
      "p": 0.23547030986183182,
      "cohen_d": -1.3271518489317007,
      "significant": false
    },
    "gru_time_vs_cfc": {
      "diff": -0.0015901958057791543,
      "t": -29.732204726447236,
      "p": 0.001129300738773543,
      "cohen_d": -2.713796915822806,
      "significant": true
    },
    "gru_time_vs_transformer": {
      "diff": -0.0009465144093055017,
      "t": -4.895233161793623,
      "p": 0.03928765356942213,
      "cohen_d": -1.3107775913359432,
      "significant": true
    },
    "ltc_vs_cct_lnn": {
      "diff": -0.027298906703081355,
      "t": -5.19213263238688,
      "p": 0.035150254062800604,
      "cohen_d": -1.7360098461373408,
      "significant": true
    }
  },
  "per_category_pc": {
    "food": {
      "mse_mean": 0.0014947805681890238,
      "mse_std": 0.0010150824635637126,
      "n_test": 25
    },
    "hobbies": {
      "mse_mean": 0.11846946448815991,
      "mse_std": 0.001798563150258007,
      "n_test": 32
    },
    "movies": {
      "mse_mean": 0.038323942322617856,
      "mse_std": 0.0003439045322038767,
      "n_test": 26
    },
    "music": {
      "mse_mean": 0.04900143788944176,
      "mse_std": 0.00014328552974447576,
      "n_test": 40
    },
    "pets": {
      "mse_mean": 0.0012051081132948098,
      "mse_std": 0.0006780219976189299,
      "n_test": 16
    },
    "sports": {
      "mse_mean": 0.0009215098986894606,
      "mse_std": 0.0005162338470510575,
      "n_test": 17
    },
    "travel": {
      "mse_mean": 0.10418591154997249,
      "mse_std": 0.0009728694629223504,
      "n_test": 37
    },
    "work": {
      "mse_mean": 0.1570163757754841,
      "mse_std": 0.0023736637434385523,
      "n_test": 24
    }
  },
  "seq_length": {
    "long": {
      "gru_time": 0.21213327473717458,
      "ltc": 0.22155871299231175,
      "cct_lnn": 0.21143205198216822
    }
  },
  "latency": {
    "gru_time": {
      "p50": 0.8539999998902204,
      "p95": 1.277605000177573,
      "mean": 0.9401430000070832
    },
    "ltc": {
      "p50": 0.9840000002441229,
      "p95": 1.2216500009344597,
      "mean": 1.0275469998487097
    },
    "cct_lnn": {
      "p50": 1.401050000822579,
      "p95": 1.8505699987144908,
      "mean": 1.4773289999902772
    },
    "transformer": {
      "p50": 1.0065500000564498,
      "p95": 1.9462150014078357,
      "mean": 1.1034850000396546
    },
    "neural_ode": {
      "p50": 0.715499999387248,
      "p95": 0.9537000008094763,
      "mean": 0.76689699999406
    }
  }
}