{
  "neural_ode": {
    "food": {
      "ndcg5": 0.5976719652106112,
      "count": 62
    },
    "hobbies": {
      "ndcg5": 0.5827663280862584,
      "count": 65
    },
    "movies": {
      "ndcg5": 0.6645820822163211,
      "count": 29
    },
    "music": {
      "ndcg5": 0.6453050315747111,
      "count": 66
    },
    "pets": {
      "ndcg5": 0.6877667632774652,
      "count": 48
    },
    "sports": {
      "ndcg5": 0.6459976140496758,
      "count": 22
    },
    "travel": {
      "ndcg5": 0.650349730341248,
      "count": 60
    },
    "work": {
      "ndcg5": 0.6015317716635242,
      "count": 48
    }
  },
  "gru": {
    "food": {
      "ndcg5": 0.6310484904833941,
      "count": 62
    },
    "hobbies": {
      "ndcg5": 0.6219644934329112,
      "count": 65
    },
    "movies": {
      "ndcg5": 0.7129486957977802,
      "count": 29
    },
    "music": {
      "ndcg5": 0.6693832365943219,
      "count": 66
    },
    "pets": {
      "ndcg5": 0.715873635065857,
      "count": 48
    },
    "sports": {
      "ndcg5": 0.5999677428497537,
      "count": 22
    },
    "travel": {
      "ndcg5": 0.6464376146308601,
      "count": 60
    },
    "work": {
      "ndcg5": 0.6722852760682398,
      "count": 48
    }
  },
  "gru_time": {
    "food": {
      "ndcg5": 0.5535097383702374,
      "count": 62
    },
    "hobbies": {
      "ndcg5": 0.5629177860439031,
      "count": 65
    },
    "movies": {
      "ndcg5": 0.6315454969589493,
      "count": 29
    },
    "music": {
      "ndcg5": 0.6621766416365236,
      "count": 66
    },
    "pets": {
      "ndcg5": 0.6421035526405612,
      "count": 48
    },
    "sports": {
      "ndcg5": 0.6396671960241969,
      "count": 22
    },
    "travel": {
      "ndcg5": 0.6168786561335693,
      "count": 60
    },
    "work": {
      "ndcg5": 0.5934722893557535,
      "count": 48
    }
  },
  "ltc": {
    "food": {
      "ndcg5": 0.621207091398887,
      "count": 62
    },
    "hobbies": {
      "ndcg5": 0.5663975657559208,
      "count": 65
    },
    "movies": {
      "ndcg5": 0.6714160370174004,
      "count": 29
    },
    "music": {
      "ndcg5": 0.6687979515574243,
      "count": 66
    },
    "pets": {
      "ndcg5": 0.6480806890105651,
      "count": 48
    },
    "sports": {
      "ndcg5": 0.6104598761080516,
      "count": 22
    },
    "travel": {
      "ndcg5": 0.6339875064008819,
      "count": 60
    },
    "work": {
      "ndcg5": 0.601864955349331,
      "count": 48
    }
  },
  "cfc": {
    "food": {
      "ndcg5": 0.5998562009740769,
      "count": 62
    },
    "hobbies": {
      "ndcg5": 0.5880630328983709,
      "count": 65
    },
    "movies": {
      "ndcg5": 0.6609014958623158,
      "count": 29
    },
    "music": {
      "ndcg5": 0.6557186670677826,
      "count": 66
    },
    "pets": {
      "ndcg5": 0.6728519524338674,
      "count": 48
    },
    "sports": {
      "ndcg5": 0.6293208061463278,
      "count": 22
    },
    "travel": {
      "ndcg5": 0.6464189108728848,
      "count": 60
    },
    "work": {
      "ndcg5": 0.5869960332309877,
      "count": 48
    }
  },
  "param_expdecay": {
    "food": {
      "ndcg5": 0.604141870720114,
      "count": 62
    },
    "hobbies": {
      "ndcg5": 0.604012844662247,
      "count": 65
    },
    "movies": {
      "ndcg5": 0.671283468741555,
      "count": 29
    },
    "music": {
      "ndcg5": 0.6197404184400578,
      "count": 66
    },
    "pets": {
      "ndcg5": 0.6696616057321823,
      "count": 48
    },
    "sports": {
      "ndcg5": 0.5583178923314942,
      "count": 22
    },
    "travel": {
      "ndcg5": 0.5636350928872791,
      "count": 60
    },
    "work": {
      "ndcg5": 0.6047690865382785,
      "count": 48
    }
  },
  "cct_lnn": {
    "food": {
      "ndcg5": 0.637614731338276,
      "count": 62
    },
    "hobbies": {
      "ndcg5": 0.5616175955319335,
      "count": 65
    },
    "movies": {
      "ndcg5": 0.6026104564052011,
      "count": 29
    },
    "music": {
      "ndcg5": 0.5993306463508199,
      "count": 66
    },
    "pets": {
      "ndcg5": 0.6118007437932609,
      "count": 48
    },
    "sports": {
      "ndcg5": 0.6152580891648229,
      "count": 22
    },
    "travel": {
      "ndcg5": 0.5849142976538114,
      "count": 60
    },
    "work": {
      "ndcg5": 0.5879086999868214,
      "count": 48
    }
  },
  "transformer": {
    "food": {
      "ndcg5": 0.5727966103982346,
      "count": 62
    },
    "hobbies": {
      "ndcg5": 0.6113590172797069,
      "count": 65
    },
    "movies": {
      "ndcg5": 0.7094728881723714,
      "count": 29
    },
    "music": {
      "ndcg5": 0.6281925949044476,
      "count": 66
    },
    "pets": {
      "ndcg5": 0.6612715097454723,
      "count": 48
    },
    "sports": {
      "ndcg5": 0.6183680406358387,
      "count": 22
    },
    "travel": {
      "ndcg5": 0.6583326673200769,
      "count": 60
    },
    "work": {
      "ndcg5": 0.6221098898218193,
      "count": 48
    }
  }
}