{
  "e1e2": {
    "cct_lnn": {
      "mse_mean": 0.2919560270370184,
      "mse_std": 0.014946331345419839,
      "acc_mean": 0.475,
      "f1_mean": 0.39372362869198313,
      "n_params": 4657
    },
    "ltc": {
      "mse_mean": 0.267908743901464,
      "mse_std": 0.002557229619372159,
      "acc_mean": 0.55,
      "f1_mean": 0.5046027131782946,
      "n_params": 3665
    },
    "gru": {
      "mse_mean": 0.24824076976437365,
      "mse_std": 0.00011872244486092753,
      "acc_mean": 0.6,
      "f1_mean": 0.044444444444444446,
      "n_params": 4993
    },
    "gru_time": {
      "mse_mean": 0.2518667978805289,
      "mse_std": 0.006076531265049839,
      "acc_mean": 0.51,
      "f1_mean": 0.21904761904761905,
      "n_params": 5121
    },
    "neural_ode": {
      "mse_mean": 0.33222577712985046,
      "mse_std": 0.008162788651116054,
      "acc_mean": 0.505,
      "f1_mean": 0.2366265060240964,
      "n_params": 3170
    },
    "cfc": {
      "mse_mean": 0.3301664365476784,
      "mse_std": 0.05368524143611961,
      "acc_mean": 0.45999999999999996,
      "f1_mean": 0.34678362573099414,
      "n_params": 3665
    },
    "expdecay": {
      "mse_mean": 0.24536545698972637,
      "mse_std": 0.0020481483637390385,
      "acc_mean": 0.595,
      "f1_mean": 0.043478260869565216,
      "n_params": 2098
    },
    "param_expdecay": {
      "mse_mean": 0.24608477743626,
      "mse_std": 0.0013334750685294744,
      "acc_mean": 0.595,
      "f1_mean": 0.08689024390243902,
      "n_params": 2127
    },
    "ssm": {
      "mse_mean": 0.28521268269436295,
      "mse_std": 0.0024590385716352914,
      "acc_mean": 0.44000000000000006,
      "f1_mean": 0.36565977742448336,
      "n_params": 3633
    },
    "xlstm": {
      "mse_mean": 0.245651298170865,
      "mse_std": 0.0007162021616561737,
      "acc_mean": 0.615,
      "f1_mean": 0.025,
      "n_params": 6305
    }
  },
  "e3_ablation": {
    "A1_fixed": {
      "mse_mean": 0.29368631564309927,
      "f1_mean": 0.43581445523193096
    },
    "A2_ltc": {
      "mse_mean": 0.267908743901464,
      "f1_mean": 0.5046027131782946
    },
    "A3_cct": {
      "mse_mean": 0.2919560270370184,
      "f1_mean": 0.39372362869198313
    }
  },
  "e4_tau": {
    "n_cats": 30,
    "pearson_r": 0.051041568334773885,
    "pearson_p": 0.7888059538587462,
    "spearman_r": 0.24343569806064175,
    "spearman_p": 0.19487217508514187,
    "r_ci95": [
      -0.31502671650056746,
      0.40388968931640234
    ],
    "tost": false
  },
  "e7_temporal": {
    "bursty": {
      "ltc": 0.2612431905893438,
      "cct_lnn": 0.28962486961638534,
      "gru": 0.3218611607246006
    },
    "regular": {
      "ltc": 0.28142501912222706,
      "cct_lnn": 0.28010509414933904,
      "gru": 0.2822770232001184
    },
    "sparse": {
      "ltc": 0.28498557294320986,
      "cct_lnn": 0.30091412872138457,
      "gru": 0.2510843066137638
    }
  },
  "categories": [
    "cooking",
    "education",
    "family",
    "fashion",
    "finance",
    "fitness",
    "food",
    "friends",
    "games",
    "health",
    "hobbies",
    "home",
    "movies",
    "music",
    "news_politics",
    "news_sports",
    "news_tech",
    "pets",
    "photography",
    "reading",
    "restaurants",
    "shopping",
    "sports",
    "tech_docker",
    "tech_linux",
    "tech_python",
    "travel",
    "work_deadlines",
    "work_meetings",
    "work_projects"
  ]
}