{
  "e1e2_baselines": {
    "cct_lnn": {
      "mse_mean": 0.1197096193913446,
      "mse_std": 0.011781188997223902,
      "acc_mean": 0.8666666666666667,
      "acc_std": 0.009428090415820642,
      "f1_mean": 0.9285441927857851,
      "f1_std": 0.005392410441443893,
      "prec_mean": 0.91548463356974,
      "rec_mean": 0.9420289855072465,
      "n_params": 4305
    },
    "ltc": {
      "mse_mean": 0.09241071268826324,
      "mse_std": 0.018861610179196908,
      "acc_mean": 0.89,
      "acc_std": 0.04242640687119289,
      "f1_mean": 0.9412568306010929,
      "f1_std": 0.024149821761835652,
      "prec_mean": 0.9173626373626375,
      "rec_mean": 0.9673913043478262,
      "n_params": 3665
    },
    "gru": {
      "mse_mean": 0.07694615403275729,
      "mse_std": 0.0007363781062325574,
      "acc_mean": 0.92,
      "acc_std": 0.0,
      "f1_mean": 0.9583333333333334,
      "f1_std": 0.0,
      "prec_mean": 0.92,
      "rec_mean": 1.0,
      "n_params": 4993
    },
    "gru_time": {
      "mse_mean": 0.0769475668805175,
      "mse_std": 0.0005944254552073804,
      "acc_mean": 0.92,
      "acc_std": 0.0,
      "f1_mean": 0.9583333333333334,
      "f1_std": 0.0,
      "prec_mean": 0.92,
      "rec_mean": 1.0,
      "n_params": 5121
    },
    "neural_ode": {
      "mse_mean": 0.07956591221264052,
      "mse_std": 0.002726054198688277,
      "acc_mean": 0.9166666666666666,
      "acc_std": 0.004714045207910321,
      "f1_mean": 0.9563492063492064,
      "f1_std": 0.002805979290422798,
      "prec_mean": 0.9226116838487973,
      "rec_mean": 0.9927536231884058,
      "n_params": 3170
    },
    "cfc": {
      "mse_mean": 0.07853776268629666,
      "mse_std": 0.0005773849206256645,
      "acc_mean": 0.92,
      "acc_std": 0.0,
      "f1_mean": 0.9583333333333334,
      "f1_std": 0.0,
      "prec_mean": 0.92,
      "rec_mean": 1.0,
      "n_params": 3665
    },
    "param_expdecay": {
      "mse_mean": 0.07963488738687631,
      "mse_std": 0.0003849641225355429,
      "acc_mean": 0.92,
      "acc_std": 0.0,
      "f1_mean": 0.9583333333333334,
      "f1_std": 0.0,
      "prec_mean": 0.92,
      "rec_mean": 1.0,
      "n_params": 2105
    },
    "transformer": {
      "mse_mean": 0.077894081289823,
      "mse_std": 0.0008303730537324247,
      "acc_mean": 0.92,
      "acc_std": 0.0,
      "f1_mean": 0.9583333333333334,
      "f1_std": 0.0,
      "prec_mean": 0.92,
      "rec_mean": 1.0,
      "n_params": 4321
    }
  },
  "e3_ablation": {
    "A1_fixed_tau": {
      "mse_mean": 0.09383323539961023,
      "mse_std": 0.020167882901158216,
      "f1_mean": 0.9471326164874553,
      "n_params": 2369
    },
    "A2_input_dep_tau": {
      "mse_mean": 0.09241071268826324,
      "mse_std": 0.018861610179196908,
      "f1_mean": 0.9412568306010929,
      "n_params": 3665
    },
    "A3_cct_full": {
      "mse_mean": 0.1197096193913446,
      "mse_std": 0.011781188997223902,
      "f1_mean": 0.9285441927857851,
      "n_params": 4305
    }
  },
  "e4_tau": {
    "n_cats": 8,
    "pearson_r": -0.3720071753603077,
    "pearson_p": 0.3641671288626235,
    "spearman_r": -0.4047619047619048,
    "spearman_p": 0.3198886412288162,
    "r_ci95": [
      -0.85306126972084,
      0.4508670318549533
    ],
    "tost_pass": false,
    "tau_stats": {
      "food": {
        "mean": 5.137930313023654,
        "std": 0.7475882086333792,
        "n": 110
      },
      "hobbies": {
        "mean": 4.888377787272136,
        "std": 0.7876851701564599,
        "n": 150
      },
      "movies": {
        "mean": 4.8970450343507705,
        "std": 0.7244070476619073,
        "n": 99
      },
      "music": {
        "mean": 5.098853018931571,
        "std": 0.8224298295027201,
        "n": 173
      },
      "pets": {
        "mean": 5.200163003376552,
        "std": 0.762215311613898,
        "n": 105
      },
      "sports": {
        "mean": 5.154681890041797,
        "std": 0.7318457842160838,
        "n": 77
      },
      "travel": {
        "mean": 4.85629256212028,
        "std": 0.6869260360048591,
        "n": 157
      },
      "work": {
        "mean": 4.956280793330466,
        "std": 0.7651037923346298,
        "n": 129
      }
    }
  },
  "e7_temporal": {},
  "categories": [
    "food",
    "hobbies",
    "movies",
    "music",
    "pets",
    "sports",
    "travel",
    "work"
  ],
  "config": {
    "HD": 16,
    "SEEDS": [
      42,
      123,
      256
    ],
    "EPOCHS": 10,
    "INPUT_DIM": 64
  }
}