{
  "cct_lnn": {
    "ndcg5": 0.5359593489385376,
    "ndcg5_std": 0.010521451486017292,
    "mrr": 0.35466269841269843,
    "mrr_std": 0.02203989563403337,
    "kendall_tau": 0.002488480738426902,
    "kendall_tau_std": 0.04149202210559352
  },
  "ltc": {
    "ndcg5": 0.5847650426779601,
    "ndcg5_std": 0.02382839437675358,
    "mrr": 0.41457837301587297,
    "mrr_std": 0.021336263419353674,
    "kendall_tau": 0.08250109489012437,
    "kendall_tau_std": 0.04978474884799525
  },
  "gru": {
    "ndcg5": 0.6041585502394037,
    "ndcg5_std": 0.01274020332359954,
    "mrr": 0.5432242063492064,
    "mrr_std": 0.008740177895234028,
    "kendall_tau": 0.18440000055614977,
    "kendall_tau_std": 0.016371243371702007
  },
  "gru_time": {
    "ndcg5": 0.603396633960014,
    "ndcg5_std": 0.002568577598665996,
    "mrr": 0.5588492063492064,
    "mrr_std": 0.015540357158614,
    "kendall_tau": 0.1956040648774896,
    "kendall_tau_std": 0.008072249204306199
  },
  "neural_ode": {
    "ndcg5": 0.6163424157417904,
    "ndcg5_std": 0.008606966313997141,
    "mrr": 0.5533730158730158,
    "mrr_std": 0.026029700576578375,
    "kendall_tau": 0.1953316706688998,
    "kendall_tau_std": 0.02360286977073706
  },
  "cfc": {
    "ndcg5": 0.5858462770882166,
    "ndcg5_std": 0.026871267657452232,
    "mrr": 0.5090079365079365,
    "mrr_std": 0.05719410412497496,
    "kendall_tau": 0.125108731892879,
    "kendall_tau_std": 0.07539812870938291
  },
  "param_expdecay": {
    "ndcg5": 0.5334675796948496,
    "ndcg5_std": 0.005822683312309206,
    "mrr": 0.3240327380952381,
    "mrr_std": 0.010439261209643837,
    "kendall_tau": -0.04838903608521522,
    "kendall_tau_std": 0.021086117363886162
  },
  "transformer": {
    "ndcg5": 0.5464561351286079,
    "ndcg5_std": 0.02056134766246695,
    "mrr": 0.35176587301587303,
    "mrr_std": 0.01643127751417006,
    "kendall_tau": -0.016221407654725926,
    "kendall_tau_std": 0.005732906900292279
  }
}